Animal Name,Location,Price
Male Wallaby,Location: Missouri,"Price: $3,500.00"
Sika Deer,Location: Tennessee,"Price: 2,000.00"
"Hedgehogs, males",Location: Ohio,n/a
Grants Zebra Colt   ( cart started ) Trades,Location: Arizona,"Price: $8,200.00"
Grants Zebra Colt   ( cart started ) Trades,Location: Arizona,"Price: $8,200.00"
Hedgehogs,Location: South Carolina,Price: $200.00
prairie dogs,Location: Tennessee,n/a
Fennec Foxes Available,Location: Florida,"Price: 2,800"
F7 bengal tica registered,Location: Texas,"Price: $3,000.00"
Tica registered f2 bengal,Location: Texas,"Price: $3,000.00"
Serval kittens,Location: Wisconsin,"Price: $6,500.00"
Caracal,Location: Wisconsin,"Price: $6,500.00"
Brown Suri male llama for sale,Location: Texas,"Price: $1,500.00"
Satin Angora Rabbits,Location: Texas,Price: $125.00
Serval male soooo sweet,Location: Tennessee,n/a
Wolfdog pups available,Location: Montana,n/a
Mink female,Location: Minnesota,n/a
Skinny pigs,Location: Minnesota,n/a
Hedgehogs,Location: Minnesota,n/a
Servals kittens,Location: Tennessee,"Price: $5,500.00"
Trio of cavies,Location: Indiana,Price: 750 for all three
Baby Virginia Opossums,Location: Iowa,Price: $150.00
Coatimundi Babies,Location: Florida,"Price: $1,200.00"
Huge F3 marble Savannah Boy,Location: Pennsylvania,"Price: $2,500.00"
Micro Squirrels,Location: Missouri,n/a
Bottle Raised Prairie Dog Pups,Location: Missouri,n/a
Sugar Glider Joeys,Location: Missouri,n/a
Baby Hedgehogs!!!,Location: Missouri,n/a
Degu Babies!  Rare Colors,Location: Missouri,n/a
F2 Savannah Male TICA Registered,Location: Pennsylvania,"Price: $4,000.00"
F2 Female Savannah Kitten,Location: Pennsylvania,"Price: $3,500.00"
F2 Savannah Female TICA registered,Location: Pennsylvania,"Price: 4,000"
Wolf (dog) Pups.,Location: North Carolina,n/a
2 super cute Ferrets,Location: Oklahoma,n/a
F3 Savannah Silver Male Kitten Available now! Fluff,Location: Pennsylvania,"Price: $1,850.00"
Chinchillas,Location: Indiana,n/a
7 Month Old Male Red Kangaroo,Location: Michigan,"Price: $2,500.00"
Baby Coatimundi,Location: Florida,"Price: $1,200.00"
M 8wk Asiatic Wildcat,Location: Ohio,n/a
F6C TICA Male Savannah Kittens,Location: Utah,"Price: $1,000.00"
Male Jungle Curl Kitten,Location: Utah,"Price: $1,000.00"
Prairie Dog,Location: Arkansas,n/a
Silver Savannah Female,Location: Kansas,n/a
Kinkajou babies,Location: Nevada,"Price: $2,500.00"
Serval kittens,Location: Arizona,"Price: $4,000.00"
Apollo,Location: Missouri,"Price: $1,000.00"
"Light Brown Baby Bactrian Camel Girl - $16,000",Location: New Mexico,n/a
F1 bengal kitten,Location: Texas,"Price: $4,000.00"
F1 bengal female full tica,Location: Texas,"Price: $4,000.00"
Baby Racoons Memorial Day sale,Location: Florida,Price: $699.99
Male mountain coati,Location: Kansas,"Price: $1,750.00"
Red fox female kit,Location: Kansas,Price: $400.00
Mountain Coatis,Location: Kansas,"Price: $1,500.00"
4 Baby Male Hedgehogs,Location: New York,Price: $250.00
Japanese Macaques/Snow Monkeys,Location: Kansas,n/a
chinchilla 200$ We can deliver for a fee.,Location: New York,Price: $200.00
F3 Savannah,Location: Ohio,"Price: $2,500.00"
Bengal Kittens,Location: Ohio,"Price: $1,100.00"
F5 SBT TICA Savannah Kittens,Location: Nevada,"Price: $1,600.00"
F4 Jungle Curl Female,Location: Nevada,"Price: $1,500.00"
Adult male marmoset,Location: North Carolina,n/a
Male Red Kangaroo,Location: Florida,n/a
Hedgehog,Location: Missouri,Price: $225.00
Bengal kittens,Location: Kentucky,n/a
Varnamwolfden,Location: North Carolina,n/a
Sweet baby boy lemur,Location: Texas,"Price: $2,200.00"
baby ground hog,Location: California,n/a
African serval baby,Location: Tennessee,n/a
African serval baby,Location: Tennessee,n/a
Fennec fox baby,Location: Tennessee,n/a
Ruff lemur baby,Location: Tennessee,n/a
Marmoset babies,Location: Tennessee,n/a
Lesser Tenrec Babies,Location: Nebraska,Price: $400.00
((( Beautiful Black Wolfdog Pup ))) -Will be huge,Location: Oklahoma,n/a
Baby boy hedgehog,Location: Florida,Price: $150.00
Chinchilla kits,Location: Indiana,Price: $200.00
Make sugar glider (DFW AREA ONLY),Location: Texas,Price: $300.00
Degus,Location: Texas,n/a
Dwarf Spiny Mice,Location: Texas,n/a
Acacia Rats,Location: Texas,n/a
GORGEOUS Bengal Kittens,Location: Florida,"Price: $1,600.00"
AFRICAN SOFT FUR  BREEDER COLONIES AVAILABLE,Location: Missouri,n/a
Baby Bobcats,Location: Minnesota,n/a
Red Fox kits,Location: Minnesota,Price: $500.00
American akita/timber wolf high percentage male,Location: Indiana,"Price: $1,500.00"
Wolf Hybrid,Location: Tennessee,n/a
Wolf Hybrid,Location: Tennessee,n/a
Sugar glider,Location: New Jersey,Price: $350.00
Silver fox,Location: Florida,Price: $200.00
Chinchilla (Male),Location: Virginia,Price: $150.00
Silver fox,Location: Minnesota,Price: $400.00
Ruffed Lemur,Location: Florida,"Price: 5,000"
Bottle Baby Bobcats,Location: Wisconsin,n/a
Bengal,Location: Missouri,n/a
Savannah Kitten,Location: Arkansas,"Price: $1,250.00"
Kinkajou,Location: Florida,"Price: $2,800.00"
Male Patagonian cavy,Location: Florida,Price: $500.00
Brown Lemur Troop,Location: Florida,"Price: 11,000"
Silver Fox Kits,Location: Michigan,Price: 200 - 250
"Caracals, Kinkajous, Hedgehogs",Location: Mississippi,n/a
Baby Mountain Coatimundi,Location: Michigan,"Price: $1,200.00"
Baby hedgehogs,Location: Kentucky,Price: $150.00
African Crested Porcupines Young Male & Female,Location: Indiana,"Price: $1,200.00"
TIMBER WOLF 2YR OLD MALE & 2yr old Burmese Mountain Dog (Best Friends),Location: Indiana,"Price: $2,900.00"
Hedgehog,Location: Washington,Price: $200.00
European Big Horn or Mouflon Ram Lamb,Location: California,n/a
Serval kitten for sale,Location: Pennsylvania,"Price: $5,000.00"
Fennec Fox baby,Location: Georgia,Price: 2500/3000
Bottle baby African crested porcupine,Location: Georgia,n/a
RedRiver hog baby,Location: Georgia,"Price: $5,500.00"
2 Sugar Gliders with cage and supplies,Location: New Jersey,"Price: $1,000.00"
1 male Caracal,Location: Kentucky,"Price: $7,000.00"
F1 Savannah kitten female,Location: Illinois,"Price: $17,500.00"
pot-bellied pigs,Location: Texas,n/a
Hershey,Location: Illinois,"Price: 10,000"
Hedgehog Breeding Colony,Location: Texas,n/a
Arctic Wolf Pup,Location: Florida,n/a
Female Baby Lemurs for Sale ($2000.00 ea),Location: South Carolina,"Price: $2,000.00"
Domesticated for many generations...coyote pups..excepting deposits,Location: Ohio,Price: $650.00
"Babies, Babies, Babies: Mountain Lion, Fox, Eurasian Lynx, Siberian Lynx, Canada Lynx and Bobcats",Location: Montana,n/a
Red Kangaroo,Location: Missouri,n/a
Dromedary Camel Mom and Baby girl,Location: Pennsylvania,n/a
Small mini pig,Location: Kentucky,Price: $160.00
Female capuchin  adult p,Location: South Carolina,"Price: $9,500.00"
Hedgehog,Location: Texas,Price: $200.00
wolf dog puppies,Location: Virginia,"Price: $2,500.00"
Low Content Wolfdog,Location: Ohio,Price: $400.00
Caracal,Location: Texas,n/a
Apollo,Location: Missouri,"Price: $2,500.00"
Aspira,Location: Missouri,"Price: $2,500.00"
Male & Female Ferrett,Location: Florida,Price: 300$
Male Bennett wallaby,Location: Wisconsin,"Price: $2,200.00"
Degu,Location: North Carolina,Price: $35.00
WOLF DOG PUPPIES,Location: West Virginia,"Price: $1,500.00"
Fennec Foxes available,Location: Florida,"Price: 2,500"
breeding pair flying squirrels 8 mo. old,Location: Texas,"Price: $1,200.00"
SAVANNAH KITTENS,Location: West Virginia,"Price: $1,200.00"
Howling Hickory Hollow Spring Litter ( Wolf Hybrids) taking Deposits now,Location: Alabama,"Price: $1,500.00"
Savannah f6 tica males,Location: Kentucky,"Price: $1,500.00"
Migi the Hedgehog,Location: New York,Price: $300.00
Pair silver foxes proven,Location: Tennessee,n/a
Baby camel,Location: Illinois,"Price: 10,000$"
Three female sugar gliders,Location: South Carolina,n/a
Young Wallabies New Bloodline,Location: Florida,n/a
"Bobcat Kittens born April 19, 2021",Location: Arkansas,n/a
Female Smoky Red Fox Kits,Location: Virginia,n/a
Savannahs,Location: Pennsylvania,n/a
Female Zedonk,Location: Tennessee,n/a
Bactrain females,Location: Tennessee,n/a
Howling Hickory Hollow Spring Litter ( Wolf Hybrids) taking Deposits now,Location: Alabama,"Price: $1,500.00"
White Mosaic Locken “Curly” Male,Location: Florida,n/a
Angora Chinchilla for sale 2 males,Location: Florida,n/a
Ruby's babies,Location: North Carolina,Price: $600.00
Savannah Kitten Athena,Location: Florida,"Price: $1,500.00"
Savannah Kitten Celeste,Location: Florida,"Price: $1,500.00"
3 bonded male ferrets,Location: Ohio,Price: $500.00
Bottle Baby Wallabies & Kangaroos,Location: Texas,n/a
Baby Hedgehogs,Location: Texas,n/a
Prairie dog Female Pups,Location: Texas,Price: $150.00
Yak herd,Location: Virginia,n/a
Red kangaroo bottle baby male,Location: Georgia,"Price: $2,550.00"
F6 Savannah boys,Location: Tennessee,"Price: $1,200.00"
Caracal,Location: Mississippi,n/a
Baby Hedgehogs,Location: Utah,n/a
Bottle Baby Albino Bennett's Wallabies,Location: Wisconsin,n/a
Young Female Albino Bennett's Wallaby Mother Raised,Location: Wisconsin,n/a
Ringtail Cats,Location: Wisconsin,n/a
Three Banded Armadillo,Location: Wisconsin,n/a
Male Dwarf Screaming Hairy Armadillo,Location: Wisconsin,n/a
Male Bottle Baby Servals,Location: Wisconsin,n/a
Hedgehog trio,Location: Ohio,n/a
Male Peterbald,Location: Virginia,n/a
3 Yaks,Location: Virginia,n/a
Hedgehog for sale,Location: Florida,n/a
Cute Wolf Hybrids For Sale,Location: North Carolina,Price: $875.00
Make Dromedary Camel,Location: Nebraska,"Price: $12,500.00"
Red breed fox kit color morphs,Location: Indiana,Price: 4-600
Male marmoset adult,Location: South Carolina,"Price: $3,500.00"
Silver fox kits,Location: Ohio,Price: $325.00
"Baby Woodchucks, skunks, and Red fox",Location: Iowa,n/a
F1 bengals,Location: Texas,Price: 3000-5000
Coyote pups,Location: Minnesota,Price: $300.00
Buck and Buddy,Location: Florida,n/a
Red male joeys on the bottle,Location: Florida,"Price: $2,500.00"
Savannah kitten,Location: Florida,"Price: $1,600.00"
Baby girl hedgehog,Location: Florida,Price: $150.00
Bottle Baby Mountain Coatimundi,Location: Indiana,"Price: $1,000.00"
Degus available,Location: New York,Price: $10.00
Water Buffalo,Location: Tennessee,n/a
Chinchillas for sale,Location: New York,Price: $150.00
Caracal Kitten,Location: Texas,"Price: $7,500.00"
F1 Savannah Kittens for sale “Mothers Day Special”,Location: Florida,"Price: $7,800.00"
Grey bengle kittens,Location: Ohio,Price: $400.00
Young Prairie Dogs,Location: Florida,n/a
Spiny Mice,Location: Florida,n/a
F1 savannah boys,Location: Washington,"Price: $8,000.00"
2 female serval kittens,Location: Texas,n/a
Lemur Baby Female,Location: Alabama,n/a
Savannah cat,Location: Florida,"Price: $1,800.00"
Egyptian Long-eared Hedgehogs,Location: Virginia,n/a
Very High Content Wolf Pups,Location: Louisiana,n/a
Low Content Wolfdogs,Location: Nebraska,"Price: $1,200.00"
Hedgehogs,Location: Texas,Price: $225.00
Sugar Glider,Location: North Carolina,Price: $300.00
"Hedgehog Babies for sale, ready now",Location: Texas,n/a
Sugar Glider Babies for Sale in Texas,Location: Texas,n/a
Skinny Pigs,Location: Missouri,n/a
Kangraoo,Location: Florida,"Price: $1,800.00"
Female Red Fox Kits,Location: Virginia,n/a
Three banded armadillo,Location: Illinois,n/a
Prairie Dog Babies For Sale- Ready to go now,Location: Texas,n/a
Hedgehogs,Location: Texas,Price: $100.00
"Kinkajou, Male and Female 2yr old",Location: Texas,n/a
Fennec Foxes Available,Location: Florida,n/a
Savannah male 4 months old HP 75-78%,Location: Alabama,n/a
Hello world,Location: Louisiana,"Price: $56,651.00"
Fennec fox breeder pair,Location: Mississippi,"Price: $5,500.00"
Male Ringtail cat,Location: Tennessee,n/a
White female Wallaby,Location: Missouri,"Price: $6,500.00"
Genuine 100% Wolf puppy CITES Proven,Location: Montana,n/a
Mountain Coatimudi,Location: Mississippi,n/a
Wolfdog pup,Location: New Jersey,"Price: $1,200.00"
2 ferrets brothers slink and turp,Location: Illinois,"Price: $1,000.00"
patagonian cavys,Location: New York,n/a
UPPER MID CONTENT WOLF DOG PUPPIES,Location: Missouri,n/a
Baby Prairie Dogs,Location: Michigan,n/a
50% asian leopard cat,Location: Texas,n/a
ABU THE KINKAJOU,Location: Texas,"Price: $5,000.00"
Anu and MaMa,Location: Texas,Price: 1000 obo
Hedgehog for sale,Location: Minnesota,n/a
Bengal female,Location: Michigan,"Price: 2,200"
BABY SQUIRREL MONKEYS . FINANCING AVAILABLE !! TRAINING AND AFTER CARE SUPPORT,Location: Florida,"Price: $9,900.00"
"MARMOSET FOR SALE, POCKET MONKEY, AKA FINGER MONKEY. FINANCING AVAILABLE, LARGEST BREEDER",Location: Florida,"Price: $6,900.00"
Servals,Location: Missouri,n/a
Camels - Dromedary breeder pair,Location: Tennessee,n/a
Wolfdog pup,Location: New Jersey,"Price: $1,500.00"
Red Fox Kits,Location: Virginia,n/a
Pot Belly Pigs,Location: California,n/a
Howling Hickory Hollow Spring Litter ( Wolf Hybrids) taking Deposits now,Location: Alabama,"Price: $1,500.00"
Hedgehog,Location: Massachusetts,Price: $300.00
ISO: Wallaby male pet,Location: Minnesota,n/a
Carrot & Peach,Location: Pennsylvania,Price: $80.00
Ranch fox kits,Location: New York,Price: $300.00
Asian leopard cat,Location: New York,Price: 4000$
Bengal  male,Location: Michigan,"Price: 2,000"
Bengal  male,Location: Michigan,"Price: 2,000"
Bengal  female,Location: Michigan,"Price: 2,200"
Three Banded Armadillo female,Location: Illinois,"Price: 3,000"
"ISO.  Male red kangaroo, wallaby, porcupines",Location: Kentucky,Price: $500.00
Spiney mice,Location: New York,n/a
White Prairie dog,Location: Texas,n/a
White Marker Prairie dogs,Location: Texas,"Price: $2,000.00"
F1 bengal female,Location: Texas,"Price: $5,000.00"
F1 bengal kitten male,Location: Texas,"Price: $3,000.00"
Pair of red fox,Location: Indiana,Price: $500.00
A2/A2 mini jersey bull calf,Location: Alabama,"Price: $2,000.00"
Bactrain male,Location: Tennessee,n/a
Baby camel,Location: Tennessee,n/a
3 Bonded Sugar Gliders for sale,Location: New York,n/a
Savannah F6 sbt Boy,Location: Florida,n/a
Serval kittens,Location: Missouri,"Price: $4,500.00"
African serval female,Location: Tennessee,n/a
Sweet Pea,Location: Oregon,Price: $175.00
Red Fox Kits,Location: Virginia,Price: $650.00
Prairie Dog Pups For Sale,Location: Texas,n/a
Special Needs Fennec Fox Baby,Location: Texas,n/a
Red kangaroo fwmale,Location: Tennessee,n/a
Female wallaby,Location: Missouri,"Price: $4,500.00"
Dromedary Camel,Location: Michigan,"Price: 5,500"
Exotic  Painted Rosette Bengals,Location: West Virginia,"Price: $1,200.00"
Cotton top Tamarin,Location: Florida,"Price: $6,200.00"
Marmoset babies,Location: Tennessee,n/a
African serval female,Location: Tennessee,n/a
Black female,Location: Indiana,"Price: $1,500.00"
Geoffroy’s cat,Location: Arkansas,n/a
Geoffroy’s cat,Location: Arkansas,n/a
Pearl fox pups,Location: Ohio,Price: $360.00
BEAR CAT / BINTURONG,Location: ,Price: 6500$ (USD)
"Cotton Top Tamarin, FEMALE!  Financing available if needed.",Location: Florida,n/a
Wolf Hybrid puppies,Location: Alabama,"Price: $1,500.00"
F1 bengals,Location: Texas,"Price: $2,000.00"
Southern Cuscus Males and Females,Location: Florida,n/a
Baby Prairie Dogs,Location: Texas,n/a
Serval female baby,Location: Tennessee,n/a
Chinchilla,Location: Texas,Price: $250.00
Red Foxes,Location: Oklahoma,n/a
Sugar gliders,Location: New York,Price: $600.00
Flemish Giants,Location: Illinois,Price: $50.00
Male sugar glider,Location: Tennessee,Price: $200.00
African Caracal,Location: Tennessee,"Price: 5,500.00"
Wolf hybrids,Location: Missouri,"Price: $1,500.00"
Red Fox Kits,Location: Ohio,n/a
Java Macaque Girls,Location: Tennessee,"Price: $6,500.00"
Baby Male Woodchuck,Location: Iowa,Price: $350.00
African Crested Porcupine,Location: Michigan,n/a
Patagonian cavys,Location: Arkansas,Price: $500.00
Potbelly pig,Location: Georgia,Price: $300.00
Asian Water Buffalo females bred,Location: Georgia,n/a
Rehoming 2 Mated Chinchillas,Location: Indiana,Price: 125 Each
3 in 1 registered llama package.,Location: Illinois,n/a
Untypical Savannah kittens f7,Location: Illinois,n/a
Crab Eating Raccoon,Location: Iowa,Price: $750.00
Male Wallaby,Location: Missouri,"Price: $2,500.00"
F1 Savannah kittens,Location: Illinois,"Price: $12,000.00"
Bison,Location: Nebraska,n/a
Red river hogs,Location: Ohio,n/a
"Wolf pups 95 ,%",Location: Tennessee,"Price: $1,000.00"
Gaston,Location: Ohio,"Price: $1,500.00"
F1 savannah boys,Location: Washington,"Price: $10,000.00"
2 Year Old Ringtail Lemur,Location: Ohio,"Price: $2,500.00"
Brazilian Short Tailed Opossum,Location: South Carolina,Price: $275.00
F2 Bengal Seal Lynx,Location: Florida,"Price: $3,500.00"
Red Fox Kits,Location: Virginia,Price: $650.00
Bennet wallaby split to albino,Location: Mississippi,"Price: $2,500.00"
Bengel kitten 10 weeks old,Location: Ohio,Price: $600.00
Frankie (Ferret),Location: Nevada,Price: $400.00
Wolf pups 95 %,Location: Tennessee,"Price: $1,000.00"
Hedgehogs,Location: Illinois,Price: $650.00
baby racoons for sale,Location: Florida,n/a
baby racoons for sale,Location: Florida,n/a
ADULT MALE COTTON TOP AVAILABLE,Location: Florida,"Price: $4,400.00"
Very tame 13 week old male Fennec,Location: Texas,"Price: $3,200.00"
Young Male Wallabies,Location: Michigan,n/a
Lineage Female Lue Sugar Glider,Location: Florida,Price: $600.00
Howling Hickory Hollow Spring Litter ( Wolf Hybrids) puppies are here,Location: Alabama,"Price: $1,500.00"
Mid content wolfdog pup,Location: Oregon,"Price: $1,000.00"
Wolf Hybrid Puppies,Location: Tennessee,"Price: 1,200"
Exceptional Serval x Savannah F1 Boy!,Location: Oklahoma,n/a
High content wolf ambassador pups,Location: Georgia,n/a
Red Fox Kits Male & Female,Location: Florida,Price: $500.00
Male Albino Porcupine,Location: Indiana,"Price: $2,500.00"
Silver Fox Pups,Location: Ohio,n/a
Geoffroy’s Cat kitten,Location: Arkansas,n/a
Fennec  baby Alex 5 weeks,Location: Tennessee,n/a
Prairie Dog Pups For Sale,Location: Texas,n/a
F1 savannah kittens for sale,Location: Florida,Price: 10k
F2 Savannah kittens for sale,Location: Florida,"Price: $5,000.00"
Howling Hickory Hollow Spring Litter ( Wolf Hybrids) taking Deposits now,Location: Alabama,"Price: $1,500.00"
1.3 Six week old Chilean Degus,Location: Michigan,Price: $195.00
7 rare colored breeder dwarf hamsters,Location: Michigan,Price: $175.00
WAnted chipmunks,Location: Mississippi,n/a
Wolf puppies,Location: Ohio,Price: $800.00
Serval male dob 3-13-21,Location: Alabama,"Price: $5,000.00"
Serval female dob 03-13-21,Location: Alabama,"Price: $5,000.00"
Rock Cavy (not Patagonian Cavy),Location: Texas,n/a
Kinkajou Available,Location: Florida,"Price: 2,800"
Red hand babies,Location: Tennessee,n/a
SERVAL BABIES BABIES BABIES,Location: Tennessee,n/a
Fennec fox baby,Location: Tennessee,n/a
Wolf pups,Location: Tennessee,n/a
Mid content black phase wolf dogs,Location: Indiana,"Price: $1,500.00"
Baby Ringtail lemur male,Location: Texas,"Price: $2,500.00"
Female F3 Savannah kitten,Location: California,"Price: $4,000.00"
2-1 year old ferrets for sale,Location: Wisconsin,n/a
serval,Location: Florida,"Price: $5,000.00"
Wolfdog Puppies,Location: Indiana,"Price: $1,200.00"
Baby Ringtail lemurs,Location: Florida,"Price: $2,500.00"
Silver fox pups,Location: Ohio,n/a
Wolf hybrid puppies,Location: Florida,Price: $800.00
Variegated Squirrel,Location: Florida,n/a
Baby Marble Foxes,Location: Florida,n/a
Pearl Fox Pups,Location: Ohio,n/a
1 year old Hedgehog $350,Location: Illinois,n/a
lilo the hedgehod,Location: New York,n/a
Degu,Location: New York,n/a
F1 savannah boys,Location: Washington,"Price: $8,000.00"
Coatimundi,Location: Michigan,Price: $800.00
Micro-Miniature Pigs,Location: Oregon,Price: 500$
Degus available,Location: New York,Price: $10.00
Young chinchillas available,Location: New York,Price: $150.00
Fennec Fox Kits,Location: Texas,n/a
Male Kinkajou Available,Location: Florida,n/a
F2 bengal tica registered,Location: Texas,"Price: $3,000.00"
2 sugar gliders,Location: New Jersey,Price: $600.00
Capuchin male baby,Location: Tennessee,n/a
"MONKEY FOR SALE, POCKET MONKEY, AKA FINGER MONKEY. FINANCING AVAILABLE, LARGEST BREEDER",Location: Florida,"Price: $6,900.00"
Continental Giant Rabbit,Location: Georgia,Price: $250.00
African Crested Porcupine Female,Location: Georgia,n/a
Male baby capybara,Location: Georgia,n/a
Patagonian Cavies,Location: Georgia,n/a
Sugar Gliders,Location: Texas,Price: $600.00
Asian Small Clawed Otters,Location: Florida,Price: 10k
Serval Kitten,Location: Michigan,n/a
F3 Savannah Kittens Available,Location: California,Price: 4500-5000
Capuchon male baby,Location: Tennessee,n/a
Red Fox Pups,Location: Ohio,Price: $360.00
F1 Savannahs,Location: Oregon,"Price: 12,000"
Bennett’s wallaby,Location: Ohio,n/a
F1 savannah kittens available,Location: California,"Price: $15,000.00"
Snow Bengal,Location: Texas,"Price: $2,500.00"
Bennett wallaby Male Joey,Location: Ohio,n/a
Male wolf hybrids,Location: Indiana,"Price: $1,000.00"
Bennett’s wallaby one half albino male Joey.,Location: Ohio,n/a
Wolfdog (low Content),Location: Indiana,n/a
Taking deposits - Sand Cats & Eurasian Lynx cubs,Location: New York,n/a
Bennetts Wallaby bottle joeys,Location: Florida,n/a
Asian Small Clawed Otter,Location: Florida,Price: 10k
5 month old male fennec fox,Location: New York,n/a
Wolf Hybrids For Sale,Location: West Virginia,"Price: $2,000.00"
Male kangaroo,Location: Mississippi,"Price: $3,000.00"
Albino baby hedgehogs,Location: Kentucky,Price: $150.00
Coati Bottle Babies,Location: Texas,n/a
Extra male foxes,Location: Indiana,Price: $200.00
Silver fox pups,Location: Ohio,Price: $310.00
Chloe and Jack,Location: New York,Price: $800.00
Baby Ring-tailed Lemurs,Location: Texas,n/a
African Servals,Location: Tennessee,n/a
F8 kitten bengal,Location: Texas,"Price: $1,800.00"
HP F1 Savannah,Location: Alabama,"Price: 16,000"
Asian leopard cat,Location: Texas,n/a
Wolfdog for sale,Location: Oklahoma,n/a
Wolfdog for sale,Location: Oklahoma,n/a
"MONKEY FOR SALE, POCKET MONKEY, AKA FINGER MONKEY. FINANCING AVAILABLE, LARGEST BREEDER",Location: Florida,"Price: $6,900.00"
Spider monkey,Location: Texas,"Price: $15,000.00"
Pearl Fox,Location: Ohio,Price: $360.00
Akita Wolf Belgian Malinois Puppies,Location: Texas,"Price: $1,500.00"
Fishing cat female,Location: Illinois,n/a
Male Egyptian Spiny Mice for sale,Location: Washington,n/a
Breeding Trio of Grey Kangaroo's,Location: Pennsylvania,n/a
Male Kinkajou Available,Location: Florida,n/a
"MARMOSET FOR SALE, POCKET MONKEY, AKA FINGER MONKEY. FINANCING AVAILABLE, LARGEST BREEDER",Location: Florida,"Price: $6,900.00"
Ferrets and large cage for sale,Location: Michigan,n/a
Female Capybara,Location: Florida,n/a
Southern flying squirrels,Location: Connecticut,n/a
Marmoset Finger Monkeys for Sale,Location: Texas,n/a
Cotton Top Tamarin Monkey For Sale>> TEXAS ONLY,Location: Texas,n/a
"Texas Hedgehog Breeder, with babies ready!",Location: Texas,n/a
Patagonian Cavy Male,Location: Ohio,n/a
F-2 Jungle/Savannahs!,Location: Florida,"Price: $1,800.00"
Silver fox pups,Location: Ohio,n/a
Sugar Gliders,Location: Nebraska,n/a
Zdonk,Location: Indiana,n/a
female hedgehog,Location: Louisiana,Price: $350.00
F1 savannah boys,Location: Washington,"Price: $8,000.00"
Patagonian Cavies,Location: Illinois,n/a
Intact male capuchin,Location: Florida,n/a
Fennec fox,Location: New York,"Price: $2,500.00"
Sugar gliders,Location: Pennsylvania,Price: $600.00
Two female Chinchillas and their cage,Location: Ohio,Price: $350.00
Capuchin little girl,Location: Tennessee,n/a
Young hedgehogs for sale,Location: Nevada,n/a
patagonian cavy male,Location: Louisiana,Price: $350.00
Prevost Squirrels,Location: Florida,n/a
Northern Flying Squirrel,Location: Connecticut,n/a
Female silver fox,Location: Indiana,Price: $300.00
Wolf hybrid for STUD!,Location: Florida,Price: $800.00
Fennec fox baby,Location: Tennessee,"Price: $3,000.00"
Red kangaroo female on bottle,Location: Tennessee,"Price: $6,500.00"
"MONKEY FOR SALE, POCKET MONKEY, AKA FINGER MONKEY. FINANCING AVAILABLE, LARGEST BREEDER",Location: Florida,"Price: $6,900.00"
BRAZILLIAN SHORT TAILED OPOSSUM BABIES,Location: New York,n/a
Female water buffalo,Location: Alabama,"Price: $1,200.00"
RARE Ground Squirrel Breeding Pair,Location: New York,n/a
Katara Savannah Cat Savannah Kitten,Location: Missouri,"Price: $3,500.00"
Low content merle wolfdog,Location: Indiana,n/a
Kinkajou in Oklahoma,Location: Oklahoma,"Price: $1,500.00"
Female Dromedary Camels,Location: Missouri,n/a
Baby Hedge Hogs,Location: Florida,n/a
FOR SALE,Location: Wisconsin,n/a
Sugar Gliders,Location: New York,Price: 6000$
BABY KINKAJOU,Location: Florida,n/a
Zebra stud,Location: Nebraska,"Price: $7,500.00"
Sugar gliders male and female,Location: Florida,Price: $100.00
Kinkajous for sale,Location: Kansas,n/a
Lowland Paca,Location: Georgia,n/a
spider monkey Baby,Location: Florida,n/a
MALE COTTON TOP BREEDER AVAILABLE. ( FLORIDA ONLY ),Location: Florida,"Price: $4,400.00"
Fox Pups for sale,Location: Ohio,Price: $310.00
white marked Kinkajou baby in Canada,Location: Washington,n/a
Hedeghogs,Location: Florida,n/a
SPIDER MONKEY BABY,Location: Florida,n/a
Muntjac,Location: Indiana,n/a
Male Mid Content Wolfdog,Location: Indiana,"Price: $3,000.00"
Degus,Location: Texas,n/a
Liver hybrids,Location: Indiana,"Price: $1,000.00"
Female Serval,Location: Mississippi,n/a
African Crested Porcupines,Location: Georgia,n/a
Female Ferret,Location: Colorado,Price: $450.00
Liver wolfdog,Location: Indiana,Price: $800.00
Red Deer,Location: Texas,Price: $800.00
Hybrid Wolf Pups,Location: Kentucky,Price: $600.00
Water buffalo bottle calf,Location: Ohio,Price: $800.00
Young Dromedary Bull Camel,Location: Alabama,"Price: $15,000.00"
Bengal snow kitten,Location: Florida,Price: $300.00
Red Kanagroo,Location: Florida,n/a
Titus & Raza,Location: Texas,"Price: $4,000.00"
WANT TO BUY: Baby patagonian cavy (experienced owner),Location: Washington,n/a
F1 savannah boys available - VALENTINES DAY SALE!!,Location: Washington,"Price: $8,000.00"
Chinchilla,Location: Texas,Price: $150.00
*** ONCE IN A LIFETIME RIDE CAMEL GELDING ***,Location: California,"Price: 15,000.00"
Watousi cow,Location: Louisiana,"Price: $2,000.00"
Husky/Wolf-Hybrid Puppies,Location: North Carolina,Price: 1100-1400
Wolf Dog pups,Location: Kentucky,"Price: $2,500.00"
Mid Content Wolfdog Puppies,Location: Kentucky,n/a
Southern Flying Squirrel(s),Location: Illinois,n/a
3 to 4 years old female marmoset,Location: Wisconsin,"Price: $4,000.00"
Male Bengal,Location: Indiana,n/a
Leopard Bengal Cat (Male),Location: Indiana,n/a
Mountain Coatimundi,Location: Indiana,n/a
Male Patagonian Cavy,Location: North Carolina,Price: $300.00
"Bennet Albino Wallaby (Petting Zoo, Very Friendly)",Location: Indiana,"Price: $4,000.00"
Cougars,Location: Indiana,n/a
Black Bears,Location: Indiana,n/a
Kodiak Brown Bear cub,Location: Indiana,n/a
Wolf Dog pups,Location: Kentucky,"Price: $1,500.00"
Tame Female Cavie,Location: South Carolina,n/a
Male neutered caracal,Location: Kentucky,n/a
Baby Hedgehogs,Location: Arkansas,Price: $200.00
WOLFDOG HYBRID PUPPIES FOR SALE,Location: Ohio,"Price: $1,000.00"
Fennec Fox Bottle Babies,Location: Wisconsin,n/a
Porcupine babies,Location: Indiana,"Price: $12,345.00"
Wolf Cubs very high content!!!,Location: Louisiana,"Price: 1,800.00"
Vervet Male 4 yrs old,Location: South Carolina,n/a
Mid content wolfdog puppies,Location: Oregon,"Price: $1,500.00"
Hedgehog Baby,Location: Arizona,Price: $150.00
Fox pups,Location: Ohio,Price: $310.00
Cougar,Location: Ohio,n/a
Baby Ringtail Lemurs (they are Primates),Location: Nevada,"Price: 6,400.00"
Wolf Dog Puppies,Location: Arkansas,n/a
European Big Horn Sheep or Mouflons,Location: California,n/a
Male Bennett Wallaby,Location: Tennessee,"Price: $3,500.00"
Baby Kinkajou male,Location: Texas,n/a
Mini lop rabbits for sale,Location: California,Price: $100.00
F1 savannah boys,Location: Washington,n/a
1 BABY SQUIRREL MONKEY JUST BORN. FINANCING AVAILABLE !! TRAINING AND AFTER CARE SUPPORT,Location: Florida,"Price: $9,900.00"
Alpacas,Location: Missouri,Price: 700$-1250$
"Sugar Gliders Ruby,  Leucitic , Cremeino",Location: Florida,Price: 250 each
Female breeder Kinkajou,Location: Louisiana,"Price: $2,000.00"
Wolfdog Hybrid Puppies 12.5% Wolf Content,Location: Oregon,n/a
Marmosets Available at TreeTopExotics,Location: Florida,"Price: 4,000"
Female Ferret for breeding,Location: Louisiana,n/a
Marmoset babies,Location: Tennessee,"Price: $4,000.00"
Cuscus,Location: Mississippi,"Price: $2,200.00"
Cusimanse,Location: Mississippi,n/a
Fox pups,Location: Ohio,n/a
Belle the Bobcat,Location: Indiana,n/a
Red Kangaroo,Location: Indiana,"Price: $1,200.00"
Hybrid timber wolfs for sale,Location: Ohio,Price: $895.00
Howling Hickory Hollow Spring Litter ( Wolf Hybrids) taking Deposits now,Location: Alabama,Price: $800.00
Neutered Arctic Fox,Location: Ohio,Price: $400.00
F1 bengal kitten male,Location: Texas,"Price: $2,000.00"
Pair of Mini Zebu,Location: Indiana,n/a
French angora rabbit,Location: New York,n/a
Sugar Gliders Joeys,Location: Nevada,Price: $450.00
Ride Camle,Location: Missouri,Price: 14000. Or best offer
CAMELS FOR SALE,Location: Missouri,n/a
Miniature cattle.for.sale,Location: Tennessee,n/a
Ottis,Location: Indiana,"Price: $5,000.00"
Marmosets Available,Location: Florida,"Price: 4,000"
Wolf hybrid for stud,Location: Florida,Price: $800.00
Baby Kinkajou male,Location: Texas,"Price: $3,400.00"
"BABY CAPUCHIN MONKEYS FOR SALE !!  WE ARE THE EXPERTS. FINANCING AVAILABLE, TRAINING, DELIVERY, SUPER SOCIALIZED, SWEET AND TAME",Location: Florida,"Price: $16,900.00"
Hedgehog babies,Location: Ohio,Price: $200.00
Male and female hedgehog 1/2 years old,Location: Tennessee,Price: $300.00
F1 Savannah for sale,Location: Oregon,"Price: 10,000"
Baby Kinkajou male,Location: Texas,"Price: 2,500"
Baby Hedgehogs,Location: Indiana,Price: $250.00
2 - Two toed sloths available!,Location: Florida,n/a
Adult White Arctic Wolves,Location: Florida,n/a
Female Porcupine,Location: Indiana,Price: $800.00
NEBRASKA RESIDENTS ONLY!!!  Ringtail Lemur,Location: Nebraska,"Price: $1,500.00"
Male muntjac,Location: Indiana,n/a
F1 bengal male,Location: Texas,"Price: $2,000.00"
Caracal babies male and female,Location: Tennessee,n/a
Miniature world final bucking bull,Location: Florida,"Price: $1,600.00"
Male Kinkajou,Location: Florida,Price: $800.00
Marmosets Available,Location: Florida,"Price: $4,000.00"
Female Llamas,Location: Missouri,Price: 1000 each
Africa Crested Porcupines,Location: Indiana,Price: 600 each
Chinchillas,Location: Michigan,n/a
Cinder male bengal,Location: Texas,"Price: $3,500.00"
Fancy Rats!!,Location: Michigan,n/a
Wolf Hybrid puppies,Location: Alabama,"Price: $1,500.00"
Neutered arctic male fox,Location: Ohio,Price: $400.00
Baby Mountain Coatimundi,Location: Michigan,n/a
"Ferret , Cage and all Accessories from College Kid",Location: Texas,n/a
Male Kinkajou,Location: Florida,"Price: 1,000"
Hedgehog pets for sale,Location: Texas,n/a
African Pygmy Hedgehogs,Location: Florida,Price: $150.00
Animals for adoption,Location: Florida,n/a
Chip snow bengal male kitten,Location: Texas,"Price: $4,000.00"
Graham,Location: Maryland,"Price: $4,000.00"
savannah kittens for sale F2C “HOLIDAY SALES”,Location: Florida,"Price: $1,750.00"
F1 bengal kittens (50% asian leopard cat),Location: Texas,Price: 4000-2000
Albino bennett`s Wallaby proven breeding pair,Location: Texas,"Price: $6,500.00"
Yellow-spotted rock hyrax (Bush hyrax),Location: Texas,n/a
Chinchilla,Location: Indiana,n/a
1.1 Sand Cat kittens available now!,Location: New York,n/a
Baby female porcupine,Location: Indiana,"Price: $1,000.00"
Royal Persian Angora TOV Male,Location: Missouri,"Price: $1,750.00"
F2 savannah proven breeder,Location: Texas,"Price: $4,500.00"
Degu,Location: Indiana,Price: 40-100
ISO WANTED - Patagonian Cavy FM,Location: Louisiana,n/a
Split face baby hedgehog,Location: New York,n/a
Chip snow male bengal kitten,Location: Texas,"Price: $4,000.00"
Male Owls Available,Location: Florida,n/a
Female Fennec Fox,Location: Florida,n/a
Hedgehog Babies for Christmas!,Location: Texas,n/a
"TICA GRAND CHAMPION Grandsired Savannah Kitten, Aurelia",Location: Missouri,"Price: $3,500.00"
Appaloosa Llama,Location: Virginia,"Price: 2,500.00"
Red Kangaroo Pair,Location: Texas,"Price: $8,000.00"
Female Wooly Opossum,Location: Michigan,n/a
Prehensile-Tailed Porcupines,Location: Michigan,n/a
Pair of Ringtail lemurs,Location: Missouri,Price: 4500$
Bengal kitten,Location: Texas,n/a
F1 bengal kittens,Location: Texas,Price: 2000 males $4500 females
Female Muntjac Deer,Location: Tennessee,n/a
"TICA GRAND CHAMPION Grandsired, Savannah Kitten, Santiago",Location: Missouri,"Price: $3,500.00"
2 Tibetan Yaks,Location: Kentucky,n/a
kinkajou Available,Location: California,"Price: $2,350.00"
Bush hyrax,Location: Texas,"Price: $5,450.00"
Sugar Gliders,Location: New York,n/a
Baby Woolly Opossum,Location: Florida,n/a
MINI PIGS FOR SALE !! VERY SMALL,Location: Florida,Price: $500.00
Ember bengal male kitten,Location: Texas,"Price: $3,500.00"
Baby Male Hedgehog,Location: New York,n/a
sugar glider,Location: Georgia,n/a
Female Baby Hedgehog,Location: New York,n/a
Zebu bull calf,Location: Tennessee,Price: $600.00
French angora rabbit,Location: New York,n/a
2 Ferrets for Sale,Location: Missouri,n/a
Tica reg bengal kittens,Location: Texas,"Price: $1,500.00"
African Serval Babies,Location: Texas,n/a
Female serval kitten dob 11-29-20,Location: Alabama,"Price: $5,000.00"
Palawan Leopard cat,Location: Texas,n/a
Mini pot belly pigs,Location: Virginia,Price: $200.00
Neutered male arctic fox,Location: Ohio,Price: $400.00
Blue Diamond Chinchillas Available,Location: Texas,Price: $400.00
Teddy and Gizzy,Location: Minnesota,n/a
Zebra stallion,Location: Oregon,"Price: 10,500.00"
Beautiful F2 Savannah Boys,Location: Pennsylvania,n/a
Snow Bengal kittens,Location: Arkansas,"Price: $2,800.00"
Zebra colt,Location: California,"Price: $8,500.00"
female chinchilla,Location: Illinois,Price: $150.00
Caracal female breeder and male breeder imports,Location: Tennessee,n/a
White Bison - Buffalo,Location: Iowa,Price: 7500 each
Winston male bengal kitten,Location: Texas,"Price: $3,500.00"
Green veret,Location: Virginia,"Price: $5,000.00"
Female llama,Location: Illinois,"Price: $2,200.00"
2 Beautiful F2 Savannah boys,Location: Pennsylvania,n/a
Cavy or Patagonian Hare,Location: South Carolina,n/a
Vervet Male 4 yrs old,Location: South Carolina,n/a
Neutered male Red Kangaroo,Location: Texas,n/a
Pot belly pigs,Location: California,n/a
Tica reg Bengal Male kit,Location: Nebraska,Price: $700.00
Bennett’s wallaby male Joey,Location: Ohio,n/a
Asian leopard cat,Location: Texas,"Price: $8,000.00"
Wolf Dog pups,Location: Kentucky,n/a
Wolf Dog pups,Location: Kentucky,"Price: $2,500.00"
Female Two Toed Sloth,Location: Florida,n/a
Young Capybara Pair,Location: Tennessee,"Price: 4,000"
Parent Raised Fennec Foxes,Location: Texas,n/a
"2 male chinchillas, bonded father and son",Location: Pennsylvania,n/a
Stunning Purebred F1 Bengal Kittens Available Now,Location: Alabama,"Price: $2,500.00"
Big Nice Fallow Buck,Location: Texas,"Price: $3,750.00"
Female violet sapphire chinchilla,Location: Illinois,Price: $500.00
Male Chinchilla,Location: Illinois,n/a
Mini pot belly pig,Location: Virginia,Price: $400.00
Sugar gliders,Location: New York,Price: $200.00
Hedgehogs,Location: New York,Price: $250.00
Bengal Kittens,Location: New York,"Price: $2,000.00"
F1 savannah boys,Location: Washington,n/a
2 female serval kittens. DOB-10-29-20,Location: Alabama,"Price: $5,000.00"
"MONKEY FOR SALE, POCKET MONKEY, AKA FINGER MONKEY. FINANCING AVAILABLE, LARGEST BREEDER",Location: Florida,"Price: $5,900.00"
1 BABY SQUIRREL MONKEY JUST BORN. FINANCING AVAILABLE !! TRAINING AND AFTER CARE SUPPORT,Location: Florida,"Price: $8,900.00"
African Serval Kittens,Location: Tennessee,"Price: 5,500.00"
Feence  fox male,Location: South Carolina,Price: $575.00
Alpacas,Location: Wisconsin,n/a
Female Camel,Location: Missouri,"Price: $14,000.00"
F2 Savannah boys,Location: Pennsylvania,n/a
Female Capybara,Location: Florida,"Price: $2,000.00"
Marmosets Available,Location: Florida,n/a
Asian leopard,Location: Texas,"Price: $6,500.00"
Tame Hedghog Babies,Location: Texas,n/a
Bengal Male,Location: Texas,"Price: $3,100.00"
"BABY CAPUCHIN MONKEYS FOR SALE !!  WE ARE THE EXPERTS. FINANCING AVAILABLE, TRAINING, DELIVERY, SUPER SOCIALIZED, SWEET AND TAME",Location: Florida,"Price: 14,500"
GIANT ROYAL PALM TURKEYS FOR SALE,Location: Florida,Price: $200.00
MINI PIGS FOR SALE !! VERY SMALL,Location: Florida,Price: $500.00
1 BABY SQUIRREL MONKEY JUST BORN. FINANCING AVAILABLE !! TRAINING AND AFTER CARE SUPPORT,Location: Florida,"Price: $8,900.00"
"MARMOSET FOR SALE, POCKET MONKEY, AKA FINGER MONKEY. FINANCING AVAILABLE, LARGEST BREEDER",Location: Florida,"Price: $5,900.00"
F6 Savannah kittens,Location: Oregon,Price: 1500 pet 2200 breeder
Wolf hybrids,Location: Tennessee,n/a
QUALITY Savannah kittens for sale!,Location: Missouri,"Price: $3,500.00"
Fennec Fox Babies For Sale,Location: Texas,n/a
Sugar Glider Breeder in Texas,Location: Texas,n/a
Patagonian Cavy Baby,Location: Florida,n/a
Cusimanse,Location: Louisiana,n/a
Sugar gliders hedgehogs,Location: Minnesota,n/a
Brown Lemurs For Sale,Location: Texas,n/a
Sugar Glider Joeys for Sale,Location: Texas,n/a
Ember bengal male kitten,Location: Texas,"Price: $4,000.00"
Cinder male bengal kitten,Location: Texas,"Price: $4,000.00"
Pair of in related coatimundi’s,Location: Mississippi,"Price: $2,500.00"
F6 Proven Male Savannah,Location: Florida,"Price: $1,500.00"
Male Ring Tail Cat,Location: Florida,"Price: $2,500.00"
Wolf Hybrid,Location: Tennessee,n/a
Sugar Glider-2- Trible & Peanut,Location: Florida,Price: 600 for both & cage
Breeding Pair of Capybara,Location: Tennessee,"Price: 4,000"
F2 female Savannah Kitten,Location: California,Price: 4000.00 OBO
gray wolf,Location: Kentucky,Price: $10.99
F6 Male Savannah,Location: Florida,n/a
Female African serval kitten,Location: ,"Price: 10,000"
Water Buffalo 6 months old,Location: Tennessee,Price: 1200.00 obo
Brazilian Short Tail Opossum (Financing Available),Location: Florida,Price: $250.00
Sugar Glider Female 50 days old,Location: Tennessee,Price: $200.00
Baby Kinkajous - Financing Available,Location: Florida,"Price: $3,500.00"
Year Old Female Chinchilla - with cage and everything included !,Location: Missouri,n/a
Bengal,Location: Florida,"Price: $1,200.00"
Male Munt jac  Deer on bottle,Location: Indiana,"Price: $1,800.00"
Dromedary Bull for Stud,Location: Missouri,n/a
"BABY OWL MONKEY AVAILABLE, FINANCING AVAILABLE, DELIVERY AVAILABLE, TRAINING AVAILABLE. WE ARE THE EXPERTS.",Location: Florida,"Price: $8,900.00"
"BABY MARMOSET FOR SALE, POCKET MONKEY, AKA FINGER MONKEY. FINANCING AVAILABLE, LARGEST BREEDER",Location: Florida,"Price: $5,900.00"
1 BABY SQUIRREL MONKEY JUST BORN. FINANCING AVAILABLE !! TRAINING AND AFTER CARE SUPPORT,Location: Florida,"Price: $8,900.00"
"BABY CAPUCHIN MONKEYS FOR SALE !!  WE ARE THE EXPERTS. FINANCING AVAILABLE, TRAINING, DELIVERY, SUPER SOCIALIZED, SWEET AND TAME",Location: Florida,"Price: 14,500"
F3 savannah cat,Location: South Carolina,"Price: $1,500.00"
"Micro mini piglet, pig",Location: Virginia,n/a
F2 Savannah boys,Location: Pennsylvania,n/a
Baby male Kinkajou,Location: Texas,"Price: 3,000"
Duprasi,Location: Texas,n/a
Flying Squirrel,Location: Texas,n/a
Prairie Dogs,Location: Texas,n/a
Southern Flying Squirrel Breeder,Location: Texas,n/a
Sugar Gliders,Location: Texas,n/a
Hybrid Bengal Kittens,Location: Texas,n/a
Micro Mini Pigs,Location: Texas,n/a
Sand Cat Kittens,Location: New York,n/a
TROPHY TEXAS DALL RAMS,Location: Texas,n/a
SERVAL BABIES BABIES BABIES,Location: Tennessee,n/a
Fennec Fox Kits,Location: Oklahoma,n/a
Marmoset Monkey Babies For Sale,Location: Texas,n/a
Savannah,Location: Pennsylvania,"Price: $1,700.00"
African crested porcupines,Location: Arizona,n/a
Tenrecs,Location: Arizona,n/a
F2 savannah,Location: Texas,"Price: $4,500.00"
Patagonian Cavy Bottle Babies,Location: Florida,n/a
Caracal kittens,Location: Florida,n/a
Bennetts Wallabies Mob,Location: Nevada,"Price: $8,000.00"
South american crab eating raccoon,Location: Texas,"Price: 1,000"
Capybara  m,Location: Michigan,"Price: 2,000"
Southern flying squirrels,Location: Florida,n/a
Ring tail Lemur,Location: Florida,"Price: $2,500.00"
6 week old Hedgehogs,Location: Illinois,n/a
Brown and Albino Bennett`s wallabys,Location: Texas,n/a
Savannah kittens for sale,Location: Missouri,"Price: $3,500.00"
Hedge Hog,Location: California,n/a
Patagonian cavy,Location: Arizona,n/a
Warthogs,Location: Arizona,n/a
Female Fennec Fox,Location: Florida,n/a
Grant Zebra male,Location: Alabama,n/a
GIANT ROYAL PALM TURKEYS FOR SALE,Location: Florida,Price: $200.00
MINI PIGS FOR SALE !! VERY SMALL,Location: Florida,Price: $500.00
"BABY OWL MONKEY AVAILABLE, FINANCING AVAILABLE, DELIVERY AVAILABLE, TRAINING AVAILABLE. WE ARE THE EXPERTS.",Location: Florida,"Price: $8,900.00"
"BABY CAPUCHIN MONKEYS FOR SALE !!  WE ARE THE EXPERTS. FINANCING AVAILABLE, TRAINING, DELIVERY, SUPER SOCIALIZED, SWEET AND TAME",Location: Florida,"Price: 14,500"
"MONKEY FOR SALE, POCKET MONKEY, AKA FINGER MONKEY. FINANCING AVAILABLE, LARGEST BREEDER",Location: Florida,"Price: $5,900.00"
Fat Tailed Gerbils [ Pachyuromys duprasi ],Location: New York,n/a
Cusimanse Mongoose,Location: Texas,n/a
Grant Zebra male,Location: Kentucky,n/a
Vervet male,Location: Florida,"Price: $4,000.00"
Max TICA registered bengal male,Location: Texas,"Price: $3,800.00"
Silver fox male,Location: Michigan,Price: $700.00
Year old black and white capuchin monkey,Location: Alabama,"Price: 10,000"
New Guinea Singing Dog pups,Location: Florida,n/a
HIGH CONTENT WOLF(DOG) puppies,Location: Missouri,"Price: $3,000.00"
F6 Proven Male Savannah,Location: Florida,"Price: $2,000.00"
Fennec fox,Location: Michigan,"Price: 2,900"
Wallaby,Location: Michigan,n/a
African crested porcupines,Location: North Carolina,Price: $800.00
Coatimundis,Location: Virginia,"Price: 1,500.00"
Alpaca’s,Location: Missouri,n/a
White Sugar Glider,Location: Kentucky,Price: $375.00
Kinkajou boy Available,Location: Florida,"Price: $2,800.00"
Spider female baby,Location: Tennessee,n/a
Chinchillas,Location: Illinois,n/a
Female common marmoset,Location: Illinois,n/a
Hedgehogs,Location: Minnesota,n/a
Wolves,Location: Illinois,n/a
Grant Zebra male,Location: Kentucky,n/a
Bison calves,Location: Nebraska,n/a
Indu calves,Location: Nebraska,n/a
10 month male Caracal,Location: Washington,"Price: $7,700.00"
Baby ferrets,Location: Florida,Price: $200.00
Marmoset babies common ( white tufted ),Location: Tennessee,n/a
Spider girl,Location: Tennessee,n/a
Arctic fox,Location: Ohio,Price: $400.00
Camel,Location: Indiana,n/a
Spider male baby,Location: Tennessee,n/a
Serval babies 3 weeks old,Location: Tennessee,n/a
Kinkajou Pair,Location: Ohio,"Price: $2,200.00"
2 female sugar gliders for sale,Location: Minnesota,n/a
Grivet m,Location: Michigan,"Price: 4,500"
Female Dromedary Camel,Location: North Carolina,"Price: 4,200.00"
MINI PIGS FOR SALE !! VERY SMALL,Location: Florida,Price: $500.00
Bonded chinchillas for sale,Location: New York,Price: $500.00
Caracal kittens,Location: Florida,n/a
Patagonian Cavy,Location: Florida,n/a
F1 savannah,Location: Washington,n/a
Pot Bellied Piglets,Location: Ohio,Price: $150.00
Capybara  m,Location: Michigan,"Price: 2,000"
Fennec Fox m,Location: Michigan,"Price: 2,900"
Bennett wallaby m,Location: Michigan,"Price: 2,000"
kinkajou Available,Location: Florida,"Price: $2,500.00"
Breeding Pair Crab Eating Raccoons,Location: Georgia,"Price: $2,400.00"
"WATER BUFFALO FOR SALE, BROKE TO RIDE",Location: Kentucky,"Price: $12,000.00"
Marmoset babies,Location: Tennessee,n/a
MINI PIGS FOR SALE !! VERY SMALL,Location: Florida,Price: $500.00
Hedgehogs,Location: Minnesota,n/a
Sugar gliders,Location: Minnesota,n/a
Spider female baby,Location: Tennessee,n/a
SERVAL BABIES BABIES BABIES,Location: Tennessee,n/a
Kinkajou,Location: New Jersey,"Price: $2,000.00"
Vervet female baby,Location: Tennessee,n/a
Mickey,Location: Texas,"Price: $1,200.00"
Large Pure Savannah-UPDATE- WE ARE PREGNANT!,Location: California,n/a
Baby Fancy Rats,Location: Florida,n/a
Caracal Kitten,Location: Michigan,n/a
Female serval 8 weeks old dob 8-15-20 and a litter born 10/29/20,Location: Alabama,"Price: $5,000.00"
Male and female brown/grey Degu,Location: Florida,Price: 2 for $20
Potbelly pig,Location: Georgia,Price: $250.00
Male Muntjac fawn on bottle,Location: Indiana,n/a
SERVAL BABIES BABIES BABIES,Location: Tennessee,n/a
Spider female baby,Location: Tennessee,n/a
Female chino,Location: Arkansas,Price: 100$
Caleb TICA registered male bengal kitten,Location: Texas,"Price: $3,200.00"
Two Female Bactrian Camels,Location: Washington,"Price: $12,000.00"
Prove Female Bactrian Camel,Location: Washington,"Price: $15,000.00"
Rabbit mini lops,Location: California,Price: 35 to 100
Mid Content Wolfdogs,Location: Kentucky,n/a
Kittens!,Location: Florida,Price: $750.00
Savannah and Savannah Lynx Hybrids,Location: California,"Price: $1,500.00"
Degus assorted colors /sexes,Location: Maine,n/a
Baby Mongoose (Cusimanse),Location: Texas,n/a
Tame Patagonian cavy breeding pair,Location: Florida,n/a
Caracal kittens,Location: Florida,"Price: $7,000.00"
Sugar gliders,Location: Minnesota,n/a
Hedgehogs,Location: Minnesota,n/a
Male squirrel monkey,Location: Mississippi,"Price: $7,800.00"
F4 Savannah Kitten Health Guarantee TICA Registered,Location: Virginia,Price: $900.00
Lesser Hedgehog Tenrecs,Location: North Carolina,Price: 400-500
Black cap capuchin baby,Location: Tennessee,n/a
SERVAL BABIES BABIES BABIES,Location: Tennessee,n/a
Spotted jack proven,Location: Michigan,Price: $500.00
Young grivet m,Location: Michigan,"Price: 4,300"
12 week old hedgehogs,Location: Florida,n/a
Fennec fox baby m,Location: Michigan,"Price: 3,ooo"
Female kinkajou Available,Location: Florida,n/a
Serval and Caracals kittens Available at TREETOPEXOTICS,Location: Florida,n/a
Marmoset available here at TREETOPEXOTICS,Location: Florida,"Price: $3,500.00"
Female Serval Kitten,Location: Arkansas,n/a
"Fennec Fox, Ring-tailed Lemur",Location: South Carolina,n/a
Prevost Squirrels,Location: Florida,n/a
Savannah x Maine Coon kittens,Location: Florida,Price: $750.00
Male Patagonian Cavy,Location: Florida,Price: $300.00
Female red kangaroo,Location: Oklahoma,n/a
Proven Bactrian Camel Female,Location: Washington,"Price: $15,000.00"
Two Female Bactrian camels,Location: Washington,"Price: $12,000.00"
Boy and Gril Caracal kittens,Location: Florida,"Price: $7,000.00"
Surplus for sale,Location: Arizona,Price: $300.00
Mountain Coatimundi’s and Arctic Fox pair,Location: Illinois,Price: $1.00
2 Year Old Asian Water Buffalo Heifer,Location: Georgia,n/a
American Bison Female,Location: Georgia,"Price: $1,800.00"
2 Year Old Female Bison,Location: Georgia,"Price: $1,800.00"
3 month old Patagonian Cavy Male and Female,Location: Illinois,Price: $300.00
Southern flying squirrel babies,Location: Texas,Price: $600.00
Female rosette bangel,Location: Wisconsin,Price: $500.00
Leopard Bengal Kittens,Location: Indiana,n/a
Hedgehogs,Location: Indiana,Price: $195.00
Miniature Cow Zebu Dexter Cow 6 months old,Location: Indiana,"Price: $1,200.00"
Leopard Bengal Kittens,Location: Indiana,"Price: $1,500.00"
Female Fennec Fox,Location: Florida,n/a
Fishing cat female for breeding  1 yr,Location: Tennessee,"Price: $3,000.00"
Rare Cinnamon capuchin beautiful female,Location: Tennessee,n/a
SERVAL BABIES BABIES BABIES,Location: Tennessee,"Price: $4,500.00"
Dromedary Male 19 years old and Bactrian Male 2 years old,Location: North Carolina,Price: 10000 Your pick
Patagonian Cavy Babies,Location: Florida,Price: 200 per baby
Female Adult Fennec Fox,Location: Florida,n/a
Two Female Bactrian camels,Location: Washington,"Price: 12,000"
Proven Bactrian Camel Female,Location: Washington,"Price: 15,000"
Western Timber Dogs,Location: Tennessee,n/a
Western Timber Dogs,Location: Tennessee,n/a
Exotic  Painted Rosseta Bengals,Location: West Virginia,n/a
Ferret,Location: Ohio,n/a
Capybara bottle babies,Location: Florida,n/a
5 Sugar Glider In Need Of A Loving Home,Location: New York,"Price: $1,500.00"
Patagonian cavys,Location: Oklahoma,Price: $300.00
High Content Young Wolf,Location: Georgia,n/a
F1 savannah male,Location: South Carolina,"Price: 16,500"
Sugar gliders and all accessories,Location: Indiana,Price: $650.00
"Looking a baby Rhesus, Pigtail or Snow '' Japanese '' Monkey",Location: North Carolina,n/a
DROGO,Location: Florida,"Price: $9,000.00"
Savannah x Maine Coon kittens,Location: Florida,Price: $750.00
Sand Cat kitten available soon!,Location: New York,n/a
Fennec fox kits,Location: Texas,n/a
African Serval babies,Location: Tennessee,n/a
FISHING CAT FEMALE YEAR OLD Breeder,Location: Tennessee,"Price: $3,000.00"
Proven breeding colony of friendly blue and brown degus,Location: Michigan,n/a
6 Year old extremely friendly male African Crested Porcupine,Location: Michigan,Price: $900.00
Five year old female fennec fox,Location: Michigan,"Price: $3,000.00"
Serval babies 3 weeks old,Location: Tennessee,n/a
Fennec fox kits,Location: Texas,n/a
Pair of Breeding Sloths,Location: Florida,"Price: 18,000"
female red kangaroo,Location: Oklahoma,n/a
Micro mini pigs,Location: Wisconsin,Price: $600.00
Savannah kittens,Location: Florida,n/a
Marmoset Babies,Location: Tennessee,n/a
Percie TICA registered bengal male kitten,Location: Texas,"Price: $4,000.00"
Dromedary Camel,Location: Indiana,n/a
"Available: Capybara, Porcupines, Bat Eared Fox",Location: Texas,n/a
Male Cavies,Location: New York,Price: $200.00
